epoch,time,train/box_loss,train/cls_loss,train/dfl_loss,metrics/precision(B),metrics/recall(B),metrics/mAP50(B),metrics/mAP50-95(B),val/box_loss,val/cls_loss,val/dfl_loss,lr/pg0,lr/pg1,lr/pg2
1,44.0075,4.37511,13.5381,0.10973,0,0,0,0,6.24895,61.0889,0.25429,0.0002,0.0002,0.0002
2,54.7846,3.94441,10.7199,0.09825,0,0.00084,0,0,6.2706,62.7062,0.25519,0.000408647,0.000408647,0.000408647
3,65.3944,3.00187,7.623,0.07562,0,0.00172,0,0,6.32283,25.2705,0.25695,0.000615908,0.000615908,0.000615908
4,76.0393,2.29881,5.57566,0.05721,0.00215,0.48241,0.005,0.00098,2.90487,6.78032,0.1116,0.000821783,0.000821783,0.000821783
5,86.6199,1.99314,4.18152,0.04763,0.00192,0.51636,0.00254,0.00062,2.36968,5.84073,0.08601,0.0009868,0.0009868,0.0009868
6,97.1807,1.84262,3.18168,0.04262,0.17907,0.17245,0.13382,0.02985,1.89092,4.50651,0.06986,0.0009835,0.0009835,0.0009835
7,107.679,1.73567,2.5443,0.03965,0.21736,0.32679,0.18701,0.06901,2.2405,3.48799,0.08921,0.0009802,0.0009802,0.0009802
8,119.97,1.56957,2.18472,0.03506,0.23802,0.389,0.22274,0.08138,2.12131,2.56873,0.08055,0.0009769,0.0009769,0.0009769
9,136.234,1.51334,1.99259,0.03369,0.25282,0.42679,0.2134,0.11074,1.63887,2.76343,0.06012,0.0009736,0.0009736,0.0009736
10,150.365,1.4502,1.81354,0.03184,0.24262,0.39754,0.20773,0.14575,1.35246,2.7286,0.04504,0.0009703,0.0009703,0.0009703
11,160.961,1.41551,1.72495,0.03082,0.32403,0.52633,0.33796,0.20171,1.50286,1.88341,0.05073,0.000967,0.000967,0.000967
12,171.647,1.40292,1.63716,0.03111,0.39942,0.63466,0.44824,0.31056,1.25373,1.43619,0.03986,0.0009637,0.0009637,0.0009637
13,182.182,1.33342,1.55009,0.02897,0.37194,0.51557,0.38544,0.22897,1.4497,1.5961,0.05072,0.0009604,0.0009604,0.0009604
14,192.792,1.28445,1.48946,0.0278,0.48855,0.61261,0.52959,0.35964,1.1727,1.24717,0.03785,0.0009571,0.0009571,0.0009571
15,203.361,1.28642,1.45054,0.02799,0.42295,0.64594,0.47446,0.35305,1.05923,1.42006,0.03416,0.0009538,0.0009538,0.0009538
16,213.912,1.24737,1.42327,0.02669,0.4946,0.51955,0.47372,0.33962,1.11185,1.59093,0.03611,0.0009505,0.0009505,0.0009505
17,224.486,1.25036,1.36811,0.02723,0.35099,0.51695,0.35465,0.21522,1.44783,2.56151,0.05139,0.0009472,0.0009472,0.0009472
18,236.352,1.21409,1.32513,0.02612,0.37951,0.59041,0.41603,0.28605,1.17954,1.71027,0.03852,0.0009439,0.0009439,0.0009439
19,252.709,1.16916,1.2692,0.02474,0.51279,0.68907,0.60671,0.40955,1.2882,1.1979,0.0426,0.0009406,0.0009406,0.0009406
20,266.777,1.19995,1.30676,0.02542,0.59975,0.61753,0.65354,0.47246,1.06674,1.12164,0.03532,0.0009373,0.0009373,0.0009373
21,277.282,1.15528,1.22699,0.02482,0.60334,0.63293,0.65313,0.49609,0.94488,1.12208,0.02973,0.000934,0.000934,0.000934
22,287.797,1.11789,1.20956,0.02335,0.68886,0.67378,0.73538,0.56719,0.9277,0.92563,0.02915,0.0009307,0.0009307,0.0009307
23,298.69,1.14844,1.19526,0.02471,0.62454,0.69945,0.71646,0.5264,1.03781,1.05726,0.03384,0.0009274,0.0009274,0.0009274
24,309.3,1.1383,1.17185,0.02419,0.63481,0.6976,0.73279,0.57668,0.87014,0.99261,0.02755,0.0009241,0.0009241,0.0009241
25,319.945,1.11039,1.12429,0.02357,0.67577,0.74927,0.7658,0.52556,1.20635,0.96224,0.0421,0.0009208,0.0009208,0.0009208
26,330.815,1.11921,1.10465,0.02402,0.68719,0.68698,0.74358,0.57045,0.93443,0.92543,0.02978,0.0009175,0.0009175,0.0009175
27,341.81,1.08293,1.07638,0.02286,0.52148,0.68501,0.6326,0.46218,1.03368,1.23905,0.03296,0.0009142,0.0009142,0.0009142
28,352.914,1.0743,1.07984,0.02244,0.72655,0.72283,0.77015,0.58954,0.93241,0.90008,0.03028,0.0009109,0.0009109,0.0009109
29,369.282,1.05459,1.01515,0.02202,0.6783,0.74557,0.76027,0.56246,1.06641,0.93088,0.03457,0.0009076,0.0009076,0.0009076
30,383.65,1.06152,1.00639,0.02231,0.54281,0.73408,0.67143,0.52868,0.89789,1.12998,0.02887,0.0009043,0.0009043,0.0009043
31,394.198,1.04689,1.02617,0.02196,0.7119,0.67747,0.75172,0.60889,0.77463,0.97538,0.0239,0.000901,0.000901,0.000901
32,404.732,1.02269,0.97943,0.02143,0.77652,0.73552,0.82666,0.66177,0.83107,0.79812,0.02637,0.0008977,0.0008977,0.0008977
33,415.396,1.02918,0.97597,0.02164,0.72023,0.77142,0.83126,0.65647,0.84438,0.82913,0.0269,0.0008944,0.0008944,0.0008944
34,425.975,1.00281,0.94864,0.0212,0.86141,0.76676,0.86057,0.686,0.85826,0.73546,0.02785,0.0008911,0.0008911,0.0008911
35,436.578,1.02569,0.93299,0.02166,0.82463,0.80801,0.87566,0.71834,0.76821,0.63036,0.02397,0.0008878,0.0008878,0.0008878
36,447.165,0.99946,0.92731,0.02088,0.76212,0.73538,0.79995,0.63047,0.81959,0.82991,0.02599,0.0008845,0.0008845,0.0008845
37,457.866,0.98516,0.90997,0.02058,0.76326,0.76139,0.80443,0.63937,0.85686,0.79666,0.02724,0.0008812,0.0008812,0.0008812
38,469.392,0.99678,0.90814,0.02078,0.7628,0.73677,0.8263,0.6456,0.88056,0.9017,0.02759,0.0008779,0.0008779,0.0008779
39,485.934,0.99137,0.88221,0.02096,0.85031,0.7757,0.8871,0.74305,0.69065,0.6378,0.02084,0.0008746,0.0008746,0.0008746
40,500.181,0.97533,0.91321,0.02049,0.8202,0.77402,0.88274,0.72695,0.75175,0.68171,0.02314,0.0008713,0.0008713,0.0008713
41,510.844,0.979,0.8784,0.02068,0.64985,0.73067,0.75464,0.61195,0.80614,1.1222,0.02547,0.000868,0.000868,0.000868
42,521.494,1.00263,0.90154,0.02147,0.72555,0.69537,0.80655,0.66769,0.73497,0.91741,0.02282,0.0008647,0.0008647,0.0008647
43,532.191,0.96996,0.85263,0.02065,0.83027,0.80634,0.89561,0.73675,0.73975,0.60957,0.02262,0.0008614,0.0008614,0.0008614
44,542.875,0.94016,0.833,0.02017,0.75137,0.75882,0.84766,0.7154,0.70588,0.74104,0.02133,0.0008581,0.0008581,0.0008581
45,553.406,0.9442,0.85682,0.02002,0.80377,0.7452,0.84432,0.69682,0.73825,0.83649,0.02264,0.0008548,0.0008548,0.0008548
46,564.188,0.92531,0.81526,0.01982,0.81603,0.8165,0.89192,0.768,0.63532,0.59403,0.01907,0.0008515,0.0008515,0.0008515
47,574.882,0.93297,0.78922,0.01962,0.81465,0.78413,0.88323,0.72232,0.77271,0.6688,0.02415,0.0008482,0.0008482,0.0008482
48,586.065,0.94231,0.797,0.01985,0.78808,0.68322,0.80032,0.66059,0.74202,0.89039,0.02256,0.0008449,0.0008449,0.0008449
49,602.574,0.91251,0.78737,0.01939,0.90677,0.84979,0.92795,0.78588,0.67576,0.49525,0.02066,0.0008416,0.0008416,0.0008416
50,616.927,0.8939,0.7684,0.01895,0.88627,0.82035,0.9224,0.77171,0.7116,0.55011,0.02203,0.0008383,0.0008383,0.0008383
51,627.649,0.88389,0.76874,0.01871,0.87397,0.81199,0.91302,0.77365,0.67605,0.58404,0.02082,0.000835,0.000835,0.000835
52,638.36,0.88264,0.75772,0.01886,0.86543,0.763,0.90146,0.7464,0.73055,0.58722,0.0221,0.0008317,0.0008317,0.0008317
53,649.034,0.84628,0.7417,0.01819,0.8465,0.7862,0.90771,0.75814,0.70683,0.647,0.02177,0.0008284,0.0008284,0.0008284
54,659.496,0.87528,0.75436,0.01892,0.77799,0.76147,0.85794,0.68869,0.82535,0.78123,0.02684,0.0008251,0.0008251,0.0008251
55,670.248,0.86965,0.74249,0.01882,0.82743,0.82537,0.90546,0.76745,0.66092,0.60021,0.01994,0.0008218,0.0008218,0.0008218
56,680.74,0.8701,0.72421,0.01886,0.86301,0.82383,0.91432,0.75001,0.75887,0.55344,0.02402,0.0008185,0.0008185,0.0008185
57,691.196,0.84845,0.738,0.01818,0.84493,0.80299,0.89406,0.7715,0.61757,0.58618,0.01828,0.0008152,0.0008152,0.0008152
58,702.655,0.88513,0.7224,0.01936,0.86443,0.86933,0.92967,0.77099,0.72416,0.46573,0.02313,0.0008119,0.0008119,0.0008119
59,719.191,0.86879,0.71727,0.01895,0.85697,0.81829,0.90517,0.76094,0.73625,0.58248,0.02288,0.0008086,0.0008086,0.0008086
60,733.274,0.8537,0.72572,0.01857,0.87647,0.81861,0.92107,0.78225,0.67166,0.52199,0.02018,0.0008053,0.0008053,0.0008053
61,743.948,0.82149,0.68666,0.01806,0.85791,0.80189,0.91444,0.78242,0.64125,0.60626,0.0196,0.000802,0.000802,0.000802
62,754.502,0.82911,0.69025,0.01823,0.88891,0.8183,0.90859,0.76738,0.66948,0.49517,0.02029,0.0007987,0.0007987,0.0007987
63,765.174,0.83539,0.70797,0.01835,0.83513,0.77552,0.89659,0.77314,0.63745,0.69223,0.01926,0.0007954,0.0007954,0.0007954
64,775.785,0.80772,0.68676,0.01772,0.83369,0.80775,0.89016,0.74074,0.74352,0.55219,0.0237,0.0007921,0.0007921,0.0007921
65,786.248,0.81758,0.70782,0.01807,0.8767,0.83781,0.92879,0.78445,0.69855,0.52835,0.02163,0.0007888,0.0007888,0.0007888
66,796.817,0.81472,0.68274,0.01777,0.90161,0.87824,0.94208,0.82989,0.58838,0.42654,0.01761,0.0007855,0.0007855,0.0007855
67,807.308,0.80485,0.66578,0.01803,0.90041,0.852,0.9371,0.80384,0.63621,0.46029,0.01937,0.0007822,0.0007822,0.0007822
68,819.325,0.81376,0.67869,0.01814,0.87799,0.83336,0.9356,0.80485,0.63426,0.50202,0.01974,0.0007789,0.0007789,0.0007789
69,835.773,0.77741,0.6464,0.01728,0.87049,0.82416,0.91334,0.78825,0.60515,0.50916,0.01814,0.0007756,0.0007756,0.0007756
70,849.965,0.77425,0.65692,0.01725,0.89837,0.84877,0.94568,0.79624,0.68705,0.48356,0.02166,0.0007723,0.0007723,0.0007723
71,860.503,0.80884,0.64583,0.01865,0.93121,0.89614,0.95026,0.78171,0.7435,0.40568,0.02366,0.000769,0.000769,0.000769
72,871.221,0.8209,0.64804,0.01898,0.84142,0.85512,0.93227,0.78304,0.71019,0.49866,0.02119,0.0007657,0.0007657,0.0007657
73,881.85,0.76776,0.63631,0.01762,0.86557,0.88815,0.94732,0.8275,0.57896,0.4334,0.01723,0.0007624,0.0007624,0.0007624
74,892.485,0.7508,0.63724,0.01712,0.94071,0.86355,0.96242,0.84377,0.57199,0.37368,0.01715,0.0007591,0.0007591,0.0007591
75,903.167,0.75294,0.64141,0.01719,0.93732,0.85084,0.94283,0.81352,0.62055,0.42329,0.01877,0.0007558,0.0007558,0.0007558
76,913.826,0.77231,0.61838,0.01757,0.86874,0.86115,0.94177,0.79714,0.69104,0.48187,0.02096,0.0007525,0.0007525,0.0007525
77,924.41,0.743,0.63284,0.01708,0.82899,0.82263,0.90665,0.76405,0.68462,0.58924,0.0214,0.0007492,0.0007492,0.0007492
78,936.08,0.73827,0.62343,0.0173,0.84355,0.82759,0.92525,0.8062,0.59015,0.57358,0.01779,0.0007459,0.0007459,0.0007459
79,953.542,0.73193,0.60184,0.01722,0.81872,0.77995,0.86903,0.76097,0.55826,0.60024,0.01685,0.0007426,0.0007426,0.0007426
80,969.175,0.71145,0.60289,0.01672,0.81403,0.81751,0.90255,0.76544,0.66964,0.65161,0.02091,0.0007393,0.0007393,0.0007393
81,979.876,0.72675,0.59496,0.01742,0.87954,0.81108,0.90605,0.78513,0.59334,0.49301,0.01827,0.000736,0.000736,0.000736
82,990.573,0.71492,0.57961,0.01675,0.86473,0.84192,0.94115,0.83338,0.54986,0.46994,0.01651,0.0007327,0.0007327,0.0007327
83,1001.12,0.70704,0.59453,0.01672,0.91898,0.89353,0.95321,0.82703,0.62396,0.37568,0.01939,0.0007294,0.0007294,0.0007294
84,1011.71,0.69273,0.57624,0.01656,0.84748,0.80618,0.88315,0.78251,0.56575,0.57936,0.01688,0.0007261,0.0007261,0.0007261
85,1022.36,0.69014,0.5802,0.01664,0.86513,0.893,0.93764,0.83218,0.53271,0.40421,0.01578,0.0007228,0.0007228,0.0007228
86,1032.98,0.6947,0.57896,0.0169,0.85862,0.85313,0.9439,0.81604,0.6111,0.46559,0.01865,0.0007195,0.0007195,0.0007195
87,1043.51,0.71722,0.59698,0.01761,0.93029,0.88471,0.9609,0.83089,0.62114,0.37447,0.01903,0.0007162,0.0007162,0.0007162
88,1056.04,0.67383,0.57264,0.01649,0.888,0.87146,0.95255,0.83841,0.56642,0.43492,0.01721,0.0007129,0.0007129,0.0007129
89,1072.61,0.66424,0.56031,0.01638,0.91316,0.84927,0.94933,0.82616,0.59775,0.44433,0.01834,0.0007096,0.0007096,0.0007096
90,1085.19,0.65896,0.54743,0.01625,0.86608,0.85116,0.9416,0.84333,0.53108,0.51471,0.01553,0.0007063,0.0007063,0.0007063
91,1095.76,0.65484,0.5654,0.01622,0.88401,0.84646,0.9311,0.81982,0.58578,0.46939,0.01815,0.000703,0.000703,0.000703
92,1106.29,0.67614,0.5779,0.01706,0.94203,0.895,0.96637,0.82324,0.65763,0.35413,0.02077,0.0006997,0.0006997,0.0006997
93,1117.01,0.64582,0.55024,0.01613,0.92034,0.85652,0.95615,0.85065,0.54957,0.40571,0.01676,0.0006964,0.0006964,0.0006964
94,1127.6,0.65847,0.54487,0.01663,0.90192,0.85782,0.94407,0.83171,0.55915,0.41179,0.01704,0.0006931,0.0006931,0.0006931
95,1138.11,0.62928,0.53685,0.01629,0.88233,0.81184,0.93543,0.82977,0.54769,0.48205,0.01636,0.0006898,0.0006898,0.0006898
96,1148.79,0.64558,0.54246,0.01676,0.92666,0.89152,0.96116,0.82795,0.62036,0.37965,0.01933,0.0006865,0.0006865,0.0006865
97,1159.37,0.61734,0.53155,0.01579,0.91903,0.86874,0.94868,0.83722,0.57098,0.42468,0.01712,0.0006832,0.0006832,0.0006832
98,1169.97,0.6245,0.55154,0.01632,0.92246,0.88673,0.94805,0.84225,0.54784,0.3725,0.01659,0.0006799,0.0006799,0.0006799
99,1186.11,0.601,0.54012,0.01551,0.92947,0.90014,0.95723,0.86285,0.50094,0.34204,0.01491,0.0006766,0.0006766,0.0006766
100,1199.88,0.61712,0.53872,0.01619,0.8863,0.8944,0.9508,0.83419,0.56784,0.39697,0.01746,0.0006733,0.0006733,0.0006733
101,1210.56,0.60731,0.5272,0.01614,0.9218,0.87847,0.9589,0.84915,0.5504,0.36452,0.01664,0.00067,0.00067,0.00067
102,1221.3,0.6143,0.52586,0.0166,0.93228,0.88609,0.95477,0.79142,0.73228,0.41388,0.02326,0.0006667,0.0006667,0.0006667
103,1232.11,0.58288,0.51109,0.01546,0.93827,0.84148,0.95427,0.85151,0.54053,0.44673,0.0162,0.0006634,0.0006634,0.0006634
104,1242.63,0.58958,0.53144,0.01571,0.92567,0.90568,0.96087,0.85621,0.54721,0.33433,0.0164,0.0006601,0.0006601,0.0006601
105,1253.14,0.58576,0.50795,0.01594,0.92511,0.90423,0.96062,0.86606,0.50849,0.36832,0.01506,0.0006568,0.0006568,0.0006568
106,1263.76,0.5675,0.50622,0.01534,0.89215,0.89475,0.94899,0.85042,0.5245,0.39704,0.01543,0.0006535,0.0006535,0.0006535
107,1274.37,0.56511,0.50283,0.01536,0.93882,0.87473,0.9631,0.85052,0.54204,0.35064,0.01623,0.0006502,0.0006502,0.0006502
108,1286.34,0.55826,0.51726,0.01542,0.91944,0.8999,0.95864,0.86361,0.51474,0.35839,0.01539,0.0006469,0.0006469,0.0006469
109,1302.94,0.55751,0.50501,0.01504,0.9022,0.85677,0.94557,0.84753,0.533,0.42628,0.01582,0.0006436,0.0006436,0.0006436
110,1317.48,0.55907,0.51585,0.01576,0.93996,0.89483,0.96962,0.86708,0.53475,0.31726,0.01602,0.0006403,0.0006403,0.0006403
111,1328.04,0.55583,0.51402,0.01579,0.85975,0.86227,0.93494,0.8224,0.55798,0.51149,0.01647,0.000637,0.000637,0.000637
112,1338.59,0.55317,0.50842,0.01572,0.90606,0.91302,0.96432,0.85735,0.54727,0.34205,0.01647,0.0006337,0.0006337,0.0006337
113,1349.28,0.52882,0.49176,0.01513,0.95835,0.90304,0.96498,0.86367,0.52516,0.31823,0.01572,0.0006304,0.0006304,0.0006304
114,1360.03,0.53041,0.50654,0.01519,0.91496,0.9116,0.96088,0.83962,0.59147,0.35282,0.01858,0.0006271,0.0006271,0.0006271
115,1370.65,0.53566,0.47325,0.01544,0.87434,0.9123,0.95048,0.8212,0.61459,0.39459,0.01909,0.0006238,0.0006238,0.0006238
116,1381.24,0.53154,0.49167,0.01559,0.91083,0.88506,0.96154,0.85464,0.52948,0.36969,0.01609,0.0006205,0.0006205,0.0006205
117,1391.83,0.51499,0.47642,0.01523,0.95725,0.87162,0.96873,0.87655,0.5159,0.32349,0.01529,0.0006172,0.0006172,0.0006172
118,1403.17,0.52259,0.48848,0.01533,0.9191,0.93047,0.96995,0.88002,0.48911,0.28394,0.01459,0.0006139,0.0006139,0.0006139
119,1419.72,0.50876,0.47228,0.0152,0.95398,0.90773,0.97083,0.86956,0.52962,0.30134,0.01597,0.0006106,0.0006106,0.0006106
120,1434.12,0.51034,0.48925,0.01537,0.91367,0.93881,0.97569,0.8731,0.53397,0.28273,0.01561,0.0006073,0.0006073,0.0006073
121,1444.55,0.51094,0.48672,0.01512,0.93366,0.92932,0.97222,0.88034,0.50438,0.27096,0.01485,0.000604,0.000604,0.000604
122,1455.22,0.50654,0.47606,0.01536,0.95163,0.90041,0.96831,0.87485,0.49555,0.30087,0.01482,0.0006007,0.0006007,0.0006007
123,1465.97,0.50504,0.45691,0.01557,0.9219,0.88988,0.96412,0.8667,0.50173,0.33708,0.01473,0.0005974,0.0005974,0.0005974
124,1476.5,0.48559,0.47714,0.01489,0.94956,0.91473,0.97119,0.88346,0.48054,0.26683,0.01421,0.0005941,0.0005941,0.0005941
125,1487.17,0.47819,0.46406,0.01488,0.86647,0.8815,0.94824,0.86211,0.49535,0.43193,0.01474,0.0005908,0.0005908,0.0005908
126,1497.72,0.46735,0.47778,0.0147,0.90944,0.90722,0.97014,0.86833,0.51851,0.36302,0.01564,0.0005875,0.0005875,0.0005875
127,1508.28,0.47348,0.47706,0.01487,0.92535,0.90036,0.96876,0.86536,0.51736,0.33966,0.01544,0.0005842,0.0005842,0.0005842
128,1519.86,0.49482,0.47975,0.01572,0.87244,0.88032,0.95619,0.85255,0.54078,0.45461,0.01601,0.0005809,0.0005809,0.0005809
129,1536.21,0.46819,0.45641,0.01495,0.92983,0.89013,0.96087,0.8689,0.49778,0.33195,0.01477,0.0005776,0.0005776,0.0005776
130,1551.58,0.46559,0.44647,0.01499,0.96126,0.91358,0.97314,0.88616,0.48167,0.26991,0.01432,0.0005743,0.0005743,0.0005743
131,1562.22,0.46894,0.47112,0.01487,0.93122,0.90694,0.96492,0.88099,0.48184,0.32042,0.01436,0.000571,0.000571,0.000571
132,1572.78,0.44615,0.4653,0.01442,0.92885,0.93203,0.97862,0.89498,0.47378,0.26544,0.01395,0.0005677,0.0005677,0.0005677
133,1583.38,0.43293,0.43955,0.01395,0.9175,0.88884,0.96132,0.87643,0.47895,0.33981,0.01409,0.0005644,0.0005644,0.0005644
134,1594.02,0.43414,0.45111,0.01412,0.85667,0.86247,0.93958,0.85158,0.48531,0.46284,0.01442,0.0005611,0.0005611,0.0005611
135,1604.71,0.44043,0.45241,0.01458,0.9404,0.90473,0.96643,0.87469,0.49596,0.31112,0.01495,0.0005578,0.0005578,0.0005578
136,1615.53,0.43856,0.44525,0.0145,0.92933,0.89183,0.9545,0.86321,0.5117,0.36838,0.01541,0.0005545,0.0005545,0.0005545
137,1626.1,0.44566,0.44967,0.01482,0.93983,0.93407,0.9688,0.88069,0.48929,0.29628,0.01458,0.0005512,0.0005512,0.0005512
138,1639.77,0.42851,0.44024,0.0145,0.93486,0.90949,0.96808,0.88107,0.49855,0.31493,0.01489,0.0005479,0.0005479,0.0005479
139,1656.45,0.42024,0.4388,0.01451,0.95948,0.91524,0.96897,0.88245,0.48593,0.30477,0.01444,0.0005446,0.0005446,0.0005446
140,1668.91,0.438,0.44338,0.01503,0.93533,0.88537,0.96992,0.87897,0.49634,0.35256,0.0148,0.0005413,0.0005413,0.0005413
141,1679.57,0.43237,0.437,0.01508,0.94445,0.92749,0.9763,0.88739,0.49608,0.271,0.01485,0.000538,0.000538,0.000538
142,1690.19,0.41714,0.43074,0.01447,0.96698,0.9105,0.97349,0.89595,0.46475,0.28025,0.01371,0.0005347,0.0005347,0.0005347
143,1701.1,0.41109,0.42039,0.01433,0.93805,0.90297,0.97022,0.88638,0.47155,0.30213,0.01386,0.0005314,0.0005314,0.0005314
144,1711.76,0.41441,0.42351,0.01483,0.9289,0.88771,0.95927,0.86464,0.51187,0.36051,0.01541,0.0005281,0.0005281,0.0005281
145,1722.5,0.42487,0.43397,0.01509,0.93163,0.91404,0.96325,0.86985,0.5065,0.33127,0.01531,0.0005248,0.0005248,0.0005248
146,1733.13,0.4107,0.41885,0.01442,0.93388,0.926,0.97271,0.88679,0.47523,0.27846,0.01405,0.0005215,0.0005215,0.0005215
147,1743.66,0.41007,0.42332,0.01437,0.94029,0.89963,0.97116,0.86297,0.53693,0.32742,0.01661,0.0005182,0.0005182,0.0005182
148,1756.67,0.40008,0.414,0.01427,0.95223,0.92069,0.97112,0.88927,0.46797,0.27989,0.01381,0.0005149,0.0005149,0.0005149
149,1773.11,0.40424,0.43067,0.01488,0.88341,0.93411,0.97229,0.89366,0.45504,0.29875,0.01329,0.0005116,0.0005116,0.0005116
150,1785.54,0.38339,0.40435,0.01371,0.96643,0.93367,0.97259,0.89355,0.46775,0.26236,0.01378,0.0005083,0.0005083,0.0005083
151,1796.34,0.37982,0.41022,0.01386,0.92199,0.90302,0.96079,0.8842,0.4632,0.35483,0.01367,0.000505,0.000505,0.000505
152,1806.76,0.38931,0.40943,0.01424,0.96628,0.9221,0.97075,0.88724,0.48097,0.26709,0.01426,0.0005017,0.0005017,0.0005017
153,1817.17,0.38037,0.41849,0.01406,0.93621,0.9124,0.96521,0.88094,0.4707,0.30617,0.01389,0.0004984,0.0004984,0.0004984
154,1827.77,0.39113,0.42111,0.01464,0.94839,0.91864,0.96412,0.88253,0.46294,0.28635,0.01373,0.0004951,0.0004951,0.0004951
155,1838.4,0.37914,0.39998,0.01419,0.92438,0.93154,0.96938,0.87292,0.52482,0.3014,0.01592,0.0004918,0.0004918,0.0004918
156,1848.84,0.36833,0.39956,0.0139,0.93388,0.89821,0.96049,0.88078,0.47334,0.32233,0.01406,0.0004885,0.0004885,0.0004885
157,1859.28,0.37659,0.41005,0.01398,0.90937,0.89278,0.95734,0.87516,0.47619,0.36875,0.01406,0.0004852,0.0004852,0.0004852
158,1870.12,0.37852,0.41449,0.01431,0.94773,0.91436,0.96142,0.88455,0.45403,0.30323,0.01332,0.0004819,0.0004819,0.0004819
159,1886.67,0.37345,0.4061,0.01438,0.94969,0.93938,0.97515,0.88816,0.48959,0.2587,0.01453,0.0004786,0.0004786,0.0004786
160,1901.22,0.37318,0.40568,0.0142,0.96307,0.91071,0.96896,0.89109,0.46815,0.28204,0.01388,0.0004753,0.0004753,0.0004753
161,1911.75,0.36551,0.40617,0.0139,0.94536,0.92091,0.97333,0.89888,0.46054,0.26691,0.0136,0.000472,0.000472,0.000472
162,1922.31,0.35603,0.39372,0.01391,0.95366,0.90725,0.96176,0.88518,0.46521,0.32144,0.01381,0.0004687,0.0004687,0.0004687
163,1932.82,0.36163,0.40205,0.01414,0.94769,0.92899,0.96683,0.89268,0.45101,0.29365,0.01331,0.0004654,0.0004654,0.0004654
164,1943.29,0.35528,0.39095,0.01371,0.93688,0.93151,0.96918,0.88605,0.48115,0.29075,0.01436,0.0004621,0.0004621,0.0004621
165,1953.75,0.34977,0.39563,0.01357,0.9426,0.88403,0.96409,0.88027,0.47344,0.33108,0.01399,0.0004588,0.0004588,0.0004588
166,1964.47,0.35507,0.39681,0.01381,0.94732,0.9066,0.9657,0.8876,0.45725,0.31664,0.01344,0.0004555,0.0004555,0.0004555
167,1975.06,0.35716,0.4074,0.0141,0.96331,0.90386,0.96272,0.88264,0.47413,0.31606,0.0138,0.0004522,0.0004522,0.0004522
168,1986.95,0.34762,0.39164,0.01354,0.94847,0.92743,0.9701,0.89055,0.46669,0.28942,0.01379,0.0004489,0.0004489,0.0004489
169,2003.58,0.34825,0.40157,0.01354,0.91328,0.93194,0.96116,0.87879,0.46273,0.30598,0.0137,0.0004456,0.0004456,0.0004456
170,2018.23,0.34636,0.39858,0.0133,0.95112,0.92842,0.96759,0.88751,0.46367,0.27916,0.01375,0.0004423,0.0004423,0.0004423
171,2029.37,0.34876,0.39944,0.01384,0.93573,0.9256,0.96637,0.89689,0.45232,0.30551,0.01325,0.000439,0.000439,0.000439
172,2039.88,0.34199,0.379,0.0134,0.96732,0.92028,0.97024,0.89179,0.46866,0.26918,0.01394,0.0004357,0.0004357,0.0004357
173,2050.39,0.33961,0.39707,0.01346,0.95122,0.92752,0.97506,0.9004,0.46479,0.27021,0.01364,0.0004324,0.0004324,0.0004324
174,2061.06,0.33719,0.37834,0.0132,0.95515,0.92747,0.97411,0.89748,0.46139,0.2641,0.01361,0.0004291,0.0004291,0.0004291
175,2071.57,0.34532,0.37778,0.01398,0.94114,0.92545,0.96691,0.88096,0.48688,0.29055,0.01453,0.0004258,0.0004258,0.0004258
176,2082.18,0.3329,0.37445,0.01301,0.95424,0.9315,0.96914,0.89645,0.45415,0.25828,0.01326,0.0004225,0.0004225,0.0004225
177,2093,0.33522,0.37961,0.01325,0.97746,0.90267,0.97043,0.89896,0.45792,0.26599,0.01347,0.0004192,0.0004192,0.0004192
178,2103.75,0.33547,0.37011,0.01346,0.94608,0.9196,0.96308,0.89026,0.44522,0.27871,0.01303,0.0004159,0.0004159,0.0004159
179,2120.27,0.34488,0.38385,0.01357,0.9582,0.92515,0.96869,0.90045,0.4396,0.26176,0.01276,0.0004126,0.0004126,0.0004126
180,2134.36,0.34063,0.37546,0.01356,0.96705,0.9287,0.97191,0.89822,0.44599,0.25138,0.01309,0.0004093,0.0004093,0.0004093
181,2145.06,0.32581,0.3684,0.01282,0.962,0.92838,0.97315,0.9007,0.44647,0.26453,0.01317,0.000406,0.000406,0.000406
182,2155.76,0.33837,0.35925,0.01349,0.96128,0.92051,0.97274,0.90201,0.44862,0.28217,0.0131,0.0004027,0.0004027,0.0004027
183,2166.65,0.32878,0.36944,0.01309,0.96779,0.9266,0.97419,0.90548,0.44403,0.26993,0.01305,0.0003994,0.0003994,0.0003994
184,2177.13,0.326,0.38072,0.01292,0.96186,0.9165,0.96967,0.89461,0.45306,0.27624,0.01343,0.0003961,0.0003961,0.0003961
185,2187.75,0.33093,0.37016,0.01306,0.95552,0.9254,0.97484,0.90721,0.43219,0.24401,0.01265,0.0003928,0.0003928,0.0003928
186,2198.31,0.3321,0.37504,0.01308,0.95279,0.93933,0.97207,0.90523,0.43618,0.25594,0.01282,0.0003895,0.0003895,0.0003895
187,2208.85,0.32833,0.35861,0.01299,0.94357,0.94099,0.97315,0.89823,0.44988,0.26098,0.01334,0.0003862,0.0003862,0.0003862
188,2220.48,0.32638,0.36738,0.01289,0.9693,0.9123,0.97073,0.89823,0.43724,0.2733,0.01275,0.0003829,0.0003829,0.0003829
189,2236.81,0.33124,0.38145,0.01293,0.96785,0.92804,0.97557,0.90646,0.42771,0.25831,0.01253,0.0003796,0.0003796,0.0003796
190,2251.29,0.32412,0.3579,0.01287,0.96089,0.93116,0.97203,0.90171,0.44137,0.26042,0.01299,0.0003763,0.0003763,0.0003763
191,2261.85,0.33457,0.35206,0.01306,0.96318,0.93302,0.97197,0.90407,0.43475,0.25542,0.01274,0.000373,0.000373,0.000373
192,2272.4,0.32542,0.35471,0.01296,0.95359,0.93266,0.97505,0.90849,0.42532,0.25819,0.01244,0.0003697,0.0003697,0.0003697
193,2283.02,0.32505,0.3552,0.01276,0.9689,0.94576,0.98107,0.9153,0.43294,0.22541,0.01265,0.0003664,0.0003664,0.0003664
194,2293.78,0.32391,0.35341,0.01284,0.96139,0.9258,0.97574,0.90725,0.42718,0.25427,0.01253,0.0003631,0.0003631,0.0003631
195,2304.39,0.32831,0.36065,0.01307,0.95592,0.92477,0.96971,0.90381,0.42062,0.27089,0.01225,0.0003598,0.0003598,0.0003598
196,2314.84,0.32719,0.3516,0.01291,0.9613,0.9403,0.9768,0.91048,0.43401,0.23457,0.01272,0.0003565,0.0003565,0.0003565
197,2325.52,0.32292,0.35448,0.01279,0.96534,0.9171,0.97088,0.90787,0.42693,0.25941,0.01251,0.0003532,0.0003532,0.0003532
198,2336.89,0.32178,0.34606,0.01276,0.93551,0.92105,0.96077,0.89504,0.43676,0.30778,0.01285,0.0003499,0.0003499,0.0003499
199,2353.35,0.31215,0.33,0.01227,0.9459,0.92577,0.97291,0.90878,0.42664,0.26373,0.01246,0.0003466,0.0003466,0.0003466
200,2367.87,0.31983,0.33922,0.01255,0.97204,0.92403,0.97562,0.91048,0.43302,0.24646,0.01259,0.0003433,0.0003433,0.0003433
201,2378.47,0.31896,0.34789,0.01261,0.96018,0.93778,0.97355,0.90797,0.43832,0.26388,0.0128,0.00034,0.00034,0.00034
202,2389.1,0.32421,0.3505,0.01293,0.95964,0.92492,0.9747,0.91298,0.42468,0.25026,0.01236,0.0003367,0.0003367,0.0003367
203,2399.77,0.32142,0.33907,0.01278,0.95765,0.93171,0.97548,0.90669,0.44525,0.25297,0.01309,0.0003334,0.0003334,0.0003334
204,2410.46,0.32695,0.34424,0.01307,0.96407,0.93002,0.97938,0.90951,0.43641,0.24365,0.0127,0.0003301,0.0003301,0.0003301
205,2420.93,0.32526,0.33849,0.01284,0.95148,0.93041,0.97236,0.90804,0.42352,0.26318,0.01226,0.0003268,0.0003268,0.0003268
206,2431.39,0.31305,0.33243,0.01237,0.93913,0.93832,0.97316,0.90805,0.41387,0.25628,0.01208,0.0003235,0.0003235,0.0003235
207,2441.79,0.31951,0.33512,0.01273,0.97279,0.90314,0.97111,0.90849,0.42049,0.26419,0.01222,0.0003202,0.0003202,0.0003202
208,2453.49,0.32009,0.34354,0.01248,0.96927,0.91647,0.96929,0.90371,0.43083,0.26269,0.01259,0.0003169,0.0003169,0.0003169
209,2469.88,0.31526,0.32507,0.01235,0.9523,0.93852,0.97346,0.90964,0.42706,0.26146,0.01252,0.0003136,0.0003136,0.0003136
210,2483.94,0.31734,0.34453,0.01251,0.96772,0.91925,0.97171,0.90988,0.42518,0.26969,0.01244,0.0003103,0.0003103,0.0003103
211,2494.62,0.31497,0.31963,0.01247,0.97606,0.92827,0.97721,0.91617,0.42703,0.25131,0.01256,0.000307,0.000307,0.000307
212,2505.17,0.31966,0.33131,0.01257,0.96334,0.92251,0.97368,0.90818,0.42033,0.25516,0.01226,0.0003037,0.0003037,0.0003037
213,2515.74,0.32027,0.34025,0.01246,0.95823,0.92831,0.97366,0.91067,0.41543,0.24525,0.01214,0.0003004,0.0003004,0.0003004
214,2526.37,0.31315,0.32452,0.01229,0.97238,0.93943,0.97807,0.91224,0.41576,0.23432,0.01209,0.0002971,0.0002971,0.0002971
215,2537.01,0.31762,0.32822,0.01237,0.95637,0.93747,0.97322,0.90475,0.43189,0.25637,0.01267,0.0002938,0.0002938,0.0002938
216,2547.51,0.32706,0.33303,0.01309,0.96338,0.92618,0.97144,0.90855,0.42465,0.27403,0.01243,0.0002905,0.0002905,0.0002905
217,2558.09,0.31548,0.32564,0.01232,0.95902,0.94613,0.97399,0.9059,0.43872,0.2352,0.01287,0.0002872,0.0002872,0.0002872
218,2569.93,0.31343,0.32656,0.01246,0.96121,0.9219,0.97105,0.90496,0.42304,0.25989,0.01234,0.0002839,0.0002839,0.0002839
219,2586.44,0.31383,0.32869,0.01235,0.97525,0.93777,0.97483,0.90626,0.42052,0.23938,0.01234,0.0002806,0.0002806,0.0002806
220,2600.82,0.3118,0.32685,0.01203,0.94931,0.94202,0.9729,0.90908,0.42344,0.24551,0.01243,0.0002773,0.0002773,0.0002773
221,2611.35,0.30799,0.3291,0.0119,0.93973,0.93361,0.96874,0.90469,0.41706,0.27522,0.0122,0.000274,0.000274,0.000274
222,2621.97,0.31679,0.31779,0.01249,0.94865,0.93531,0.97032,0.90602,0.42128,0.26531,0.01234,0.0002707,0.0002707,0.0002707
223,2632.62,0.3147,0.32486,0.01229,0.95692,0.92877,0.97165,0.90682,0.42236,0.27061,0.0123,0.0002674,0.0002674,0.0002674
224,2643.26,0.30613,0.32141,0.01198,0.95184,0.92621,0.97004,0.90886,0.41769,0.27712,0.01215,0.0002641,0.0002641,0.0002641
225,2653.81,0.31012,0.32595,0.01189,0.9524,0.91858,0.96991,0.90607,0.41803,0.27192,0.01222,0.0002608,0.0002608,0.0002608
226,2664.48,0.30852,0.32419,0.0121,0.96129,0.91993,0.97063,0.91016,0.41244,0.26734,0.01205,0.0002575,0.0002575,0.0002575
227,2675.03,0.31072,0.32783,0.01211,0.96239,0.93485,0.97167,0.91423,0.41316,0.24805,0.01205,0.0002542,0.0002542,0.0002542
228,2686.53,0.31151,0.3236,0.01217,0.96312,0.93366,0.97164,0.91263,0.41261,0.26181,0.01205,0.0002509,0.0002509,0.0002509
229,2702.84,0.30341,0.31978,0.0118,0.95323,0.9487,0.97633,0.91805,0.40761,0.23743,0.0119,0.0002476,0.0002476,0.0002476
230,2717.25,0.30507,0.31732,0.01187,0.9692,0.92023,0.97645,0.91525,0.40693,0.23933,0.01182,0.0002443,0.0002443,0.0002443
231,2727.9,0.30976,0.3212,0.01205,0.967,0.92352,0.97449,0.91311,0.41453,0.24679,0.01208,0.000241,0.000241,0.000241
232,2738.42,0.30513,0.31456,0.01166,0.95446,0.94324,0.97109,0.90939,0.41292,0.25438,0.01204,0.0002377,0.0002377,0.0002377
233,2748.97,0.29551,0.3047,0.01157,0.95363,0.93579,0.97325,0.91009,0.41249,0.25972,0.01199,0.0002344,0.0002344,0.0002344
234,2759.64,0.30538,0.32016,0.01191,0.96065,0.94296,0.97396,0.9139,0.41297,0.2486,0.01205,0.0002311,0.0002311,0.0002311
235,2770.16,0.30628,0.31926,0.01186,0.96446,0.92604,0.96978,0.90975,0.41066,0.27212,0.01193,0.0002278,0.0002278,0.0002278
236,2780.6,0.31072,0.32153,0.01223,0.97142,0.91491,0.96937,0.90751,0.41107,0.26354,0.01197,0.0002245,0.0002245,0.0002245
237,2791.14,0.30292,0.311,0.01186,0.9591,0.93916,0.97202,0.91189,0.40754,0.25572,0.01181,0.0002212,0.0002212,0.0002212
238,2802.97,0.30604,0.313,0.01194,0.96546,0.91374,0.96857,0.91082,0.40613,0.27714,0.01178,0.0002179,0.0002179,0.0002179
239,2819.5,0.30306,0.31797,0.01175,0.95476,0.94344,0.97073,0.9126,0.403,0.26307,0.01166,0.0002146,0.0002146,0.0002146
240,2834.11,0.3071,0.31419,0.01188,0.95472,0.93704,0.97019,0.91039,0.40475,0.26199,0.01172,0.0002113,0.0002113,0.0002113
241,2844.73,0.30125,0.30149,0.01176,0.96073,0.93674,0.97258,0.91201,0.40757,0.26009,0.01181,0.000208,0.000208,0.000208
242,2855.2,0.30512,0.30636,0.0119,0.94377,0.93804,0.97017,0.9088,0.40929,0.26711,0.01186,0.0002047,0.0002047,0.0002047
243,2865.87,0.30557,0.29346,0.01177,0.96127,0.93235,0.97384,0.91163,0.41181,0.24986,0.012,0.0002014,0.0002014,0.0002014
244,2876.39,0.30704,0.31578,0.0119,0.96375,0.93565,0.97455,0.91584,0.40702,0.2459,0.01181,0.0001981,0.0001981,0.0001981
245,2886.99,0.30385,0.30729,0.01187,0.94834,0.94168,0.97314,0.91672,0.40182,0.26494,0.01166,0.0001948,0.0001948,0.0001948
246,2897.63,0.30593,0.31059,0.01183,0.95081,0.93754,0.97365,0.91783,0.40174,0.26427,0.01165,0.0001915,0.0001915,0.0001915
247,2908.51,0.29762,0.31308,0.01167,0.96004,0.92608,0.96965,0.91221,0.40524,0.27552,0.01177,0.0001882,0.0001882,0.0001882
248,2919.73,0.30171,0.31273,0.01155,0.97541,0.91409,0.9683,0.90973,0.40584,0.27441,0.01181,0.0001849,0.0001849,0.0001849
249,2936.34,0.30039,0.30007,0.01161,0.97363,0.92763,0.97258,0.91421,0.40205,0.25027,0.01167,0.0001816,0.0001816,0.0001816
250,2950.21,0.29823,0.29279,0.0116,0.97725,0.92577,0.97519,0.91684,0.4006,0.24116,0.01166,0.0001783,0.0001783,0.0001783
251,2960.77,0.30253,0.30475,0.01168,0.96393,0.9239,0.9734,0.9161,0.39651,0.25856,0.01149,0.000175,0.000175,0.000175
252,2971.36,0.29764,0.31205,0.01143,0.96053,0.93889,0.97462,0.91665,0.3991,0.24515,0.01157,0.0001717,0.0001717,0.0001717
253,2981.93,0.297,0.29356,0.01137,0.94172,0.94475,0.97134,0.91461,0.39674,0.26005,0.01147,0.0001684,0.0001684,0.0001684
254,2992.54,0.29619,0.29635,0.01154,0.95619,0.93468,0.97246,0.918,0.39643,0.26354,0.01145,0.0001651,0.0001651,0.0001651
255,3003.15,0.29943,0.29266,0.01155,0.95668,0.93515,0.97111,0.91534,0.39995,0.26704,0.01154,0.0001618,0.0001618,0.0001618
256,3013.61,0.29624,0.29935,0.01165,0.9525,0.94334,0.9714,0.91571,0.3978,0.25744,0.01147,0.0001585,0.0001585,0.0001585
257,3024.38,0.29418,0.29496,0.01132,0.96781,0.93712,0.97647,0.9214,0.39316,0.24739,0.01134,0.0001552,0.0001552,0.0001552
258,3036.61,0.28612,0.28896,0.01118,0.96422,0.93781,0.97229,0.91497,0.39669,0.25953,0.01145,0.0001519,0.0001519,0.0001519
259,3053.17,0.29573,0.29125,0.01157,0.95931,0.93104,0.96962,0.91217,0.39882,0.26613,0.01155,0.0001486,0.0001486,0.0001486
260,3067.12,0.3002,0.29941,0.01162,0.97084,0.92646,0.9724,0.91798,0.39802,0.25089,0.01149,0.0001453,0.0001453,0.0001453
261,3077.59,0.29251,0.29034,0.0111,0.94711,0.94315,0.97248,0.91661,0.3968,0.24881,0.01146,0.000142,0.000142,0.000142
262,3088.12,0.29718,0.30158,0.01138,0.95028,0.94319,0.97411,0.91968,0.3958,0.25044,0.01144,0.0001387,0.0001387,0.0001387
263,3098.65,0.2963,0.29291,0.01157,0.96075,0.93194,0.97269,0.91704,0.39811,0.25494,0.01154,0.0001354,0.0001354,0.0001354
264,3109.31,0.29717,0.29341,0.01166,0.96451,0.93673,0.96999,0.9125,0.39965,0.26431,0.01156,0.0001321,0.0001321,0.0001321
265,3120.14,0.30097,0.30221,0.01148,0.96367,0.92441,0.97362,0.9156,0.39631,0.25817,0.0115,0.0001288,0.0001288,0.0001288
266,3130.67,0.29879,0.29442,0.01152,0.95811,0.94464,0.97623,0.91985,0.39724,0.24329,0.01152,0.0001255,0.0001255,0.0001255
267,3141.2,0.29851,0.29787,0.0115,0.95973,0.93238,0.97179,0.91468,0.39854,0.2571,0.01156,0.0001222,0.0001222,0.0001222
268,3153.29,0.29493,0.28891,0.0114,0.96423,0.9425,0.97504,0.91639,0.39842,0.24511,0.01158,0.0001189,0.0001189,0.0001189
269,3169.85,0.29172,0.29281,0.01125,0.96591,0.93257,0.97271,0.91305,0.39759,0.26303,0.01155,0.0001156,0.0001156,0.0001156
270,3185.07,0.29112,0.28104,0.01133,0.96509,0.93471,0.97588,0.9195,0.39629,0.24965,0.01149,0.0001123,0.0001123,0.0001123
271,3195.66,0.30146,0.30038,0.01164,0.95449,0.93839,0.97548,0.91864,0.39426,0.25069,0.01143,0.000109,0.000109,0.000109
272,3206.21,0.30059,0.29424,0.0116,0.956,0.94183,0.97675,0.92179,0.39208,0.25138,0.01133,0.0001057,0.0001057,0.0001057
273,3216.79,0.29151,0.30368,0.01121,0.96031,0.94104,0.97641,0.92032,0.39131,0.2457,0.01128,0.0001024,0.0001024,0.0001024
274,3227.44,0.292,0.28994,0.01113,0.96606,0.93957,0.97655,0.92077,0.38987,0.24578,0.01124,9.91e-05,9.91e-05,9.91e-05
275,3237.92,0.28953,0.29557,0.01123,0.96654,0.93538,0.97594,0.9201,0.39129,0.25163,0.0113,9.58e-05,9.58e-05,9.58e-05
276,3248.38,0.28978,0.28646,0.01118,0.9574,0.94021,0.97617,0.92011,0.39569,0.2483,0.01146,9.25e-05,9.25e-05,9.25e-05
277,3259.04,0.29737,0.29864,0.01137,0.95102,0.9456,0.97505,0.91948,0.39558,0.2499,0.01146,8.92e-05,8.92e-05,8.92e-05
278,3269.99,0.29549,0.29878,0.01128,0.95102,0.94647,0.97568,0.91964,0.39674,0.24628,0.01151,8.59e-05,8.59e-05,8.59e-05
279,3286.46,0.29552,0.28573,0.01138,0.95786,0.94506,0.97667,0.92117,0.39513,0.24252,0.01147,8.26e-05,8.26e-05,8.26e-05
280,3300.59,0.28699,0.28658,0.01103,0.95997,0.93794,0.97628,0.92144,0.39339,0.25003,0.01136,7.93e-05,7.93e-05,7.93e-05
281,3311.08,0.29238,0.29186,0.01116,0.95159,0.94101,0.97587,0.9199,0.39239,0.25898,0.01134,7.6e-05,7.6e-05,7.6e-05
282,3321.74,0.29082,0.2902,0.01103,0.96258,0.93046,0.97462,0.9201,0.39168,0.26512,0.01132,7.27e-05,7.27e-05,7.27e-05
283,3332.28,0.29159,0.28814,0.01119,0.95507,0.93538,0.97237,0.91953,0.39289,0.26834,0.01136,6.94e-05,6.94e-05,6.94e-05
284,3342.9,0.28858,0.28992,0.0111,0.95304,0.93783,0.97364,0.92059,0.39205,0.26007,0.01133,6.61e-05,6.61e-05,6.61e-05
285,3353.67,0.28785,0.28563,0.01104,0.96086,0.932,0.9744,0.91865,0.39186,0.2537,0.01134,6.28e-05,6.28e-05,6.28e-05
286,3364.41,0.28393,0.28151,0.01116,0.95559,0.94411,0.9728,0.91833,0.39289,0.249,0.01136,5.95e-05,5.95e-05,5.95e-05
287,3374.91,0.29301,0.29818,0.01121,0.95816,0.94239,0.97306,0.91904,0.39331,0.2528,0.01137,5.62e-05,5.62e-05,5.62e-05
288,3386.62,0.28107,0.2793,0.01081,0.95644,0.93657,0.97303,0.91959,0.39193,0.26207,0.01131,5.29e-05,5.29e-05,5.29e-05
289,3402.96,0.29042,0.28103,0.01106,0.95987,0.93615,0.97299,0.91913,0.39176,0.26129,0.0113,4.96e-05,4.96e-05,4.96e-05
290,3417.27,0.28318,0.28687,0.01077,0.96068,0.93026,0.97209,0.91824,0.39036,0.26241,0.01126,4.63e-05,4.63e-05,4.63e-05
291,3434.32,0.33208,0.41774,0.02068,0.96152,0.92639,0.97049,0.90567,0.43037,0.27666,0.01272,4.3e-05,4.3e-05,4.3e-05
292,3444.74,0.20685,0.17833,0.01244,0.97195,0.91625,0.96912,0.8971,0.44727,0.28242,0.01321,3.97e-05,3.97e-05,3.97e-05
293,3455.14,0.19025,0.14513,0.01139,0.96783,0.90782,0.96787,0.90298,0.43269,0.29047,0.01268,3.64e-05,3.64e-05,3.64e-05
294,3465.68,0.18308,0.13546,0.01077,0.93378,0.93826,0.96232,0.90204,0.41363,0.29006,0.01202,3.31e-05,3.31e-05,3.31e-05
295,3476.31,0.18002,0.13613,0.01061,0.94274,0.93643,0.96344,0.90299,0.40757,0.29033,0.01183,2.98e-05,2.98e-05,2.98e-05
296,3486.8,0.17698,0.13025,0.01039,0.94347,0.93397,0.96327,0.90467,0.40775,0.29419,0.01183,2.65e-05,2.65e-05,2.65e-05
297,3497.33,0.17771,0.13252,0.01049,0.94182,0.93011,0.96339,0.90506,0.40712,0.29313,0.01179,2.32e-05,2.32e-05,2.32e-05
298,3509.61,0.17868,0.13485,0.01057,0.94561,0.93956,0.96371,0.90572,0.40794,0.28601,0.01181,1.99e-05,1.99e-05,1.99e-05
299,3526.1,0.17447,0.13337,0.01021,0.94417,0.9366,0.9642,0.90676,0.40792,0.28517,0.0118,1.66e-05,1.66e-05,1.66e-05
300,3536.76,0.17928,0.13449,0.01067,0.94407,0.93359,0.96442,0.90647,0.40592,0.28125,0.01174,1.33e-05,1.33e-05,1.33e-05
